{
  "version": 1,
  "author": "Uri Shaked",
  "editor": "wokwi",
  "parts": [
    {
      "type": "board-esp32-devkit-c-v4",
      "id": "esp",
      "top": -48,
      "left": -158.36,
      "attrs": { "env": "micropython-20231005-v1.21.0" }
    },
    { "type": "wokwi-ir-receiver", "id": "ir1", "top": -10.95, "left": 94.22, "attrs": {} }
  ],
  "connections": [
    [ "esp:TX", "$serialMonitor:RX", "", [] ],
    [ "esp:RX", "$serialMonitor:TX", "", [] ],
    [ "ir1:GND", "esp:GND.1", "black", [ "v0" ] ],
    [ "ir1:VCC", "esp:5V", "red", [ "v153.6", "h-336", "v-86.4", "h9.6" ] ],
    [ "ir1:DAT", "esp:22", "green", [ "v0" ] ]
  ],
  "dependencies": {}
}